shape_id,shape_pt_lat,shape_pt_lon,shape_pt_sequence
100429_DEC16,34.08562081,-118.3828443,10001
100429_DEC16,34.08612056,-118.3820936,10002
100429_DEC16,34.08663948,-118.3813595,10003
100429_DEC16,34.08499896,-118.3813685,10004
100429_DEC16,34.08422206,-118.3837362,10005
100429_DEC16,34.08386767,-118.3837082,10006
100429_DEC16,34.08341702,-118.3837061,10007
100429_DEC16,34.08279601,-118.3837033,10008
100429_DEC16,34.08260366,-118.3837024,10009
100429_DEC16,34.08249645,-118.3837151,10010
100429_DEC16,34.08240032,-118.3837015,10011
100429_DEC16,34.08232351,-118.3836615,10012
100429_DEC16,34.08209034,-118.3835349,10013
100429_DEC16,34.08209034,-118.3835349,20001
100429_DEC16,34.08175842,-118.383355,20002
100429_DEC16,34.08139093,-118.3831255,20003
100429_DEC16,34.08159908,-118.3824759,20004
100429_DEC16,34.08170999,-118.3821593,20005
100429_DEC16,34.08175165,-118.3820208,20006
100429_DEC16,34.08180733,-118.3817932,20007
100429_DEC16,34.08183799,-118.3816546,20008
100429_DEC16,34.08191868,-118.381338,20009
100429_DEC16,34.08197202,-118.3809815,20010
100429_DEC16,34.08198115,-118.3806976,20011
100429_DEC16,34.08198717,-118.3805325,20012
100429_DEC16,34.08198717,-118.3805325,30001
100429_DEC16,34.08199038,-118.3803872,30002
100429_DEC16,34.08197877,-118.3797101,30003
100429_DEC16,34.08196285,-118.3786532,30004
100429_DEC16,34.08194417,-118.3775964,30005
100429_DEC16,34.08193956,-118.3773156,30006
100429_DEC16,34.08195802,-118.3766816,30007
100429_DEC16,34.08195802,-118.3766816,40001
100429_DEC16,34.08196112,-118.3765694,40002
100429_DEC16,34.08197501,-118.3765199,40003
100429_DEC16,34.08201105,-118.3764177,40004
100429_DEC16,34.08206637,-118.3763023,40005
100429_DEC16,34.08212716,-118.3761936,40006
100429_DEC16,34.08217417,-118.3760981,40007
100429_DEC16,34.08305102,-118.3742427,40008
100429_DEC16,34.08309533,-118.3741306,40009
100429_DEC16,34.08321154,-118.3738735,40010
100429_DEC16,34.08338857,-118.3734945,40011
100429_DEC16,34.08338857,-118.3734945,50001
100429_DEC16,34.08345497,-118.3733495,50002
100429_DEC16,34.08354349,-118.3731584,50003
100429_DEC16,34.08360997,-118.3729869,50004
100429_DEC16,34.08364333,-118.3728616,50005
100429_DEC16,34.08365178,-118.3727956,50006
100429_DEC16,34.08367009,-118.3722045,50007
100429_DEC16,34.08367156,-118.3717256,50008
100429_DEC16,34.08368132,-118.3712336,50009
100429_DEC16,34.08369524,-118.3702792,50010
100429_DEC16,34.08370945,-118.3692291,50011
100429_DEC16,34.08370945,-118.3692291,60001
100429_DEC16,34.0837127,-118.369064,60002
100429_DEC16,34.0837297,-118.367994,60003
100429_DEC16,34.08374668,-118.3669307,60004
100429_DEC16,34.08376035,-118.3660456,60005
100429_DEC16,34.08376035,-118.3660456,70001
100429_DEC16,34.0837636,-118.3658805,70002
100429_DEC16,34.08378056,-118.3648172,70003
100429_DEC16,34.08379753,-118.3637439,70004
100429_DEC16,34.08381449,-118.362674,70005
100429_DEC16,34.08383193,-118.3614389,70006
100429_DEC16,34.08382467,-118.3611086,70007
100429_DEC16,34.08382467,-118.3611086,80001
100429_DEC16,34.08381284,-118.3604712,80002
100429_DEC16,34.0837934,-118.359619,80003
100429_DEC16,34.0837934,-118.359619,90001
100429_DEC16,34.08378839,-118.3594539,90002
100429_DEC16,34.08376404,-118.3584002,90003
100429_DEC16,34.08374464,-118.3575283,90004
100429_DEC16,34.08374464,-118.3575283,100001
100429_DEC16,34.08373964,-118.3573631,100002
100429_DEC16,34.0837179,-118.3563492,100003
100429_DEC16,34.0836935,-118.3553054,100004
100429_DEC16,34.08367181,-118.3542684,100005
100429_DEC16,34.08365241,-118.3533865,100006
100429_DEC16,34.08365241,-118.3533865,110001
100429_DEC16,34.08365015,-118.3532214,110002
100429_DEC16,34.08362832,-118.3522272,110003
100429_DEC16,34.08360637,-118.3512727,110004
100429_DEC16,34.08360637,-118.3512727,120001
100429_DEC16,34.0836041,-118.3511075,120002
100429_DEC16,34.08357485,-118.3498227,120003
100429_DEC16,34.08355305,-118.3488088,120004
100429_DEC16,34.08355305,-118.3488088,130001
100429_DEC16,34.08355078,-118.3486436,130002
100429_DEC16,34.08352406,-118.3474249,130003
100429_DEC16,34.08349728,-118.3462259,130004
100429_DEC16,34.08347562,-118.3451525,130005
100429_DEC16,34.08345358,-118.3442112,130006
100429_DEC16,34.08345358,-118.3442112,140001
100429_DEC16,34.0834513,-118.3440461,140002
100429_DEC16,34.0834549,-118.3427779,140003
100429_DEC16,34.08345779,-118.3417607,140004
100429_DEC16,34.08345779,-118.3417607,150001
100429_DEC16,34.08345825,-118.3415956,150002
100429_DEC16,34.08346102,-118.3406148,150003
100429_DEC16,34.08346647,-118.3396571,150004
100429_DEC16,34.08346951,-118.3385738,150005
100429_DEC16,34.08347043,-118.3382436,150006
100429_DEC16,34.08347043,-118.3382436,160001
100429_DEC16,34.08347554,-118.3373982,160002
100429_DEC16,34.08347874,-118.3362522,160003
100429_DEC16,34.08348165,-118.3352053,160004
100429_DEC16,34.08348681,-118.3343334,160005
100429_DEC16,34.08348681,-118.3343334,170001
100429_DEC16,34.08348727,-118.3341683,170002
100429_DEC16,34.08349891,-118.3339339,170003
100429_DEC16,34.08349928,-118.3337985,170004
100429_DEC16,34.08347091,-118.333128,170005
100429_DEC16,34.08347109,-118.3320645,170006
100429_DEC16,34.08347364,-118.3311332,170007
100429_DEC16,34.08347364,-118.3311332,180001
100429_DEC16,34.0834741,-118.3309681,180002
100429_DEC16,34.08347987,-118.3298618,180003
100429_DEC16,34.08348236,-118.328947,180004
100429_DEC16,34.08348236,-118.328947,190001
100429_DEC16,34.08348281,-118.3287819,190002
100429_DEC16,34.08348572,-118.3277119,190003
100429_DEC16,34.08349145,-118.3266121,190004
100429_DEC16,34.08349259,-118.3261894,190005
100429_DEC16,34.08349259,-118.3261894,200001
100429_DEC16,34.08349304,-118.3260243,200002
100429_DEC16,34.08350166,-118.3248618,200003
100429_DEC16,34.08349458,-118.3244292,200004
100429_DEC16,34.08349619,-118.3238281,200005
100429_DEC16,34.08349619,-118.3238281,210001
100429_DEC16,34.08349664,-118.323663,210002
100429_DEC16,34.08350196,-118.322702,210003
100429_DEC16,34.08350042,-118.3222462,210004
100429_DEC16,34.0835046,-118.3217112,210005
100429_DEC16,34.08350732,-118.3206874,210006
100429_DEC16,34.08350716,-118.3197099,210007
100429_DEC16,34.08350716,-118.3197099,220001
100429_DEC16,34.0835076,-118.3195448,220002
100429_DEC16,34.08350694,-118.3187555,220003
100429_DEC16,34.08351149,-118.3180718,220004
100429_DEC16,34.08351149,-118.3180718,230001
100429_DEC16,34.08351192,-118.3179067,230002
100429_DEC16,34.08351172,-118.3158889,230003
100429_DEC16,34.08351172,-118.3158889,240001
100429_DEC16,34.08351215,-118.3157237,240002
100429_DEC16,34.083515,-118.3146306,240003
100429_DEC16,34.08351748,-118.3136762,240004
100429_DEC16,34.08351748,-118.3136762,250001
100429_DEC16,34.08351791,-118.3135111,250002
100429_DEC16,34.08351771,-118.3125302,250003
100429_DEC16,34.08351794,-118.312441,250004
100429_DEC16,34.08352074,-118.3113545,250005
100429_DEC16,34.08352119,-118.3111795,250006
100429_DEC16,34.08352354,-118.310268,250007
100429_DEC16,34.08352374,-118.3101887,250008
100429_DEC16,34.08352494,-118.3097231,250009
100429_DEC16,34.08352603,-118.3092971,250010
100429_DEC16,34.08352603,-118.3092971,260001
100429_DEC16,34.08352645,-118.3091319,260002
100429_DEC16,34.08352669,-118.3079628,260003
100429_DEC16,34.08352993,-118.307768,260004
100429_DEC16,34.08353491,-118.3068928,260005
100429_DEC16,34.08353632,-118.306338,260006
100429_DEC16,34.08354059,-118.305737,260007
100429_DEC16,34.08354498,-118.3050864,260008
100429_DEC16,34.08354856,-118.3047562,260009
100429_DEC16,34.08354856,-118.3047562,270001
100429_DEC16,34.08354898,-118.304591,270002
100429_DEC16,34.08355066,-118.3039239,270003
100429_DEC16,34.08355192,-118.3034219,270004
100429_DEC16,34.08355632,-118.3027647,270005
100429_DEC16,34.08356176,-118.3016881,270006
100429_DEC16,34.08356197,-118.3016023,270007
100429_DEC16,34.08356719,-118.3006115,270008
100429_DEC16,34.08356719,-118.3006115,280001
100429_DEC16,34.0835676,-118.3004464,280002
100429_DEC16,34.0835706,-118.2992377,280003
100429_DEC16,34.08357106,-118.2990527,280004
100429_DEC16,34.08357165,-118.298815,280005
100429_DEC16,34.08357251,-118.2984649,280006
100429_DEC16,34.08357407,-118.2978341,280007
100429_DEC16,34.0835742,-118.2977813,280008
100429_DEC16,34.08357477,-118.2975501,280009
100429_DEC16,34.08357477,-118.2975501,290001
100429_DEC16,34.08357888,-118.2969953,290002
100429_DEC16,34.08357972,-118.2966518,290003
100429_DEC16,34.083584,-118.2960277,290004
100429_DEC16,34.08358813,-118.2954663,290005
100429_DEC16,34.08358813,-118.2954663,300001
100429_DEC16,34.08358853,-118.2953011,300002
100429_DEC16,34.08358938,-118.2949511,300003
100429_DEC16,34.08359426,-118.2940792,300004
100429_DEC16,34.08359199,-118.293881,300005
100429_DEC16,34.08359993,-118.2928738,300006
100429_DEC16,34.08359737,-118.2927978,300007
100429_DEC16,34.08360228,-118.2919029,300008
100429_DEC16,34.08360236,-118.2918731,300009
100429_DEC16,34.08360236,-118.2918731,310001
100429_DEC16,34.08360276,-118.291708,310002
100429_DEC16,34.08361112,-118.2905158,310003
100429_DEC16,34.08360565,-118.2893632,310004
100429_DEC16,34.08360565,-118.2893632,320001
100429_DEC16,34.08360604,-118.2891981,320002
100429_DEC16,34.08360339,-118.2880059,320003
100429_DEC16,34.08360031,-118.286992,320004
100429_DEC16,34.08360031,-118.286992,330001
100429_DEC16,34.0836007,-118.2868269,330002
100429_DEC16,34.0817789,-118.2868107,330003
100429_DEC16,34.08177694,-118.2864804,330004
100429_DEC16,34.08177694,-118.2864804,340001
100429_DEC16,34.08177621,-118.2856284,340002
100429_DEC16,34.08177311,-118.2846112,340003
100429_DEC16,34.08177311,-118.2846112,350001
100429_DEC16,34.0817735,-118.2844461,350002
100429_DEC16,34.08083651,-118.284433,350003
100429_DEC16,34.08083651,-118.284433,360001
100429_DEC16,34.08069911,-118.2844326,360002
100429_DEC16,34.07963846,-118.2844223,360003
100429_DEC16,34.07942412,-118.2844216,360004
100429_DEC16,34.07886906,-118.2844197,360005
100429_DEC16,34.07886906,-118.2844197,370001
100429_DEC16,34.07873167,-118.2844193,370002
100429_DEC16,34.07790457,-118.2844131,370003
100429_DEC16,34.07773971,-118.2844093,370004
100429_DEC16,34.07770398,-118.2844092,370005
100429_DEC16,34.07717914,-118.2844074,370006
100429_DEC16,34.07671751,-118.2844025,370007
100429_DEC16,34.07668216,-118.2842439,370008
100429_DEC16,34.07667124,-118.2842141,370009
100429_DEC16,34.07661103,-118.2841115,370010
100429_DEC16,34.07651535,-118.2838999,370011
100429_DEC16,34.07643609,-118.283718,370012
100429_DEC16,34.07643609,-118.283718,380001
100429_DEC16,34.07635409,-118.2835328,380002
100429_DEC16,34.07629947,-118.2833906,380003
100429_DEC16,34.07613263,-118.2830565,380004
100429_DEC16,34.07568428,-118.2820709,380005
100429_DEC16,34.07555306,-118.2817832,380006
100429_DEC16,34.07555306,-118.2817832,390001
100429_DEC16,34.07542729,-118.281512,390002
100429_DEC16,34.0752797,-118.2811681,390003
100429_DEC16,34.07493803,-118.2803876,390004
100429_DEC16,34.07493803,-118.2803876,400001
100429_DEC16,34.07487517,-118.2802421,400002
100429_DEC16,34.07447886,-118.2793227,400003
100429_DEC16,34.07408525,-118.2784199,400004
100429_DEC16,34.07375723,-118.2776693,400005
100429_DEC16,34.07375723,-118.2776693,410001
100429_DEC16,34.07369436,-118.2775238,410002
100429_DEC16,34.07330349,-118.276621,410003
100429_DEC16,34.07290168,-118.2756918,410004
100429_DEC16,34.07272127,-118.2752718,410005
100429_DEC16,34.07255453,-118.2748882,410006
100429_DEC16,34.07253266,-118.2748386,410007
100429_DEC16,34.07248892,-118.2747361,410008
100429_DEC16,34.07245074,-118.2746105,410009
100429_DEC16,34.07245074,-118.2746105,420001
100429_DEC16,34.07240984,-118.2744717,420002
100429_DEC16,34.07227063,-118.2740584,420003
100429_DEC16,34.0722188,-118.2738932,420004
100429_DEC16,34.07220516,-118.2738502,420005
100429_DEC16,34.07209326,-118.273513,420006
100429_DEC16,34.07194314,-118.2730668,420007
100429_DEC16,34.07194314,-118.2730668,430001
100429_DEC16,34.07189127,-118.2729147,430002
100429_DEC16,34.07184213,-118.2727725,430003
100429_DEC16,34.0716566,-118.2721842,430004
100429_DEC16,34.0715474,-118.2718668,430005
100429_DEC16,34.0714109,-118.2714701,430006
100429_DEC16,34.07136175,-118.2713313,430007
100429_DEC16,34.071198,-118.2708321,430008
100429_DEC16,34.071198,-118.2708321,440001
100429_DEC16,34.07114888,-118.2706768,440002
100429_DEC16,34.07111342,-118.2705611,440003
100429_DEC16,34.07099057,-118.2702041,440004
100429_DEC16,34.07094689,-118.2700752,440005
100429_DEC16,34.07069577,-118.2693182,440006
100429_DEC16,34.07050747,-118.2687331,440007
100429_DEC16,34.0703437,-118.2682406,440008
100429_DEC16,34.0703437,-118.2682406,450001
100429_DEC16,34.07027273,-118.2680257,450002
100429_DEC16,34.07018809,-118.2677778,450003
100429_DEC16,34.06995339,-118.2670506,450004
100429_DEC16,34.06977051,-118.266492,450005
100429_DEC16,34.06948932,-118.2656557,450006
100429_DEC16,34.06948932,-118.2656557,460001
100429_DEC16,34.06943745,-118.2655036,460002
100429_DEC16,34.06912083,-118.2645319,460003
100429_DEC16,34.06880968,-118.2635667,460004
100429_DEC16,34.06874688,-118.2633849,460005
100429_DEC16,34.06874688,-118.2633849,470001
100429_DEC16,34.068695,-118.2632329,470002
100429_DEC16,34.0686022,-118.262942,470003
100429_DEC16,34.06852856,-118.2626908,470004
100429_DEC16,34.06845232,-118.262367,470005
100429_DEC16,34.06840336,-118.2621357,470006
100429_DEC16,34.06831102,-118.2616368,470007
100429_DEC16,34.06815057,-118.2608604,470008
100429_DEC16,34.06808531,-118.2605399,470009
100429_DEC16,34.06808531,-118.2605399,480001
100429_DEC16,34.06775625,-118.2589473,480002
100429_DEC16,34.06751152,-118.2577414,480003
100429_DEC16,34.06730479,-118.2567502,480004
100429_DEC16,34.06730479,-118.2567502,490001
100429_DEC16,34.06727215,-118.2565916,490002
100429_DEC16,34.06707629,-118.2556565,490003
100429_DEC16,34.06704099,-118.255455,490004
100429_DEC16,34.06695376,-118.2551246,490005
100429_DEC16,34.06691009,-118.2549825,490006
100429_DEC16,34.06686362,-118.2548667,490007
100429_DEC16,34.06681433,-118.2547873,490008
100429_DEC16,34.06668281,-118.2546086,490009
100429_DEC16,34.06661978,-118.2545292,490010
100429_DEC16,34.06654028,-118.2544398,490011
100429_DEC16,34.06648269,-118.2543835,490012
100429_DEC16,34.06648269,-118.2543835,500001
100429_DEC16,34.06635929,-118.254261,500002
100429_DEC16,34.06615084,-118.2540754,500003
100429_DEC16,34.06590679,-118.2538337,500004
100429_DEC16,34.06550654,-118.2533867,500005
100429_DEC16,34.06527623,-118.2531417,500006
100429_DEC16,34.06498284,-118.2528436,500007
100429_DEC16,34.06481006,-118.2526813,500008
100429_DEC16,34.06474699,-118.2526184,500009
100429_DEC16,34.06459341,-118.2524759,500010
100429_DEC16,34.06459341,-118.2524759,510001
100429_DEC16,34.06436302,-118.2522672,510002
100429_DEC16,34.06407227,-118.2520154,510003
100429_DEC16,34.06386928,-118.2518497,510004
100429_DEC16,34.06367175,-118.2516972,510005
100429_DEC16,34.0631889,-118.251326,510006
100429_DEC16,34.06295845,-118.251147,510007
100429_DEC16,34.06295845,-118.251147,520001
100429_DEC16,34.06173489,-118.2501859,520002
100429_DEC16,34.06157578,-118.2500599,520003
100429_DEC16,34.06147426,-118.2499837,520004
100429_DEC16,34.06130966,-118.2498544,520005
100429_DEC16,34.06122736,-118.2497881,520006
100429_DEC16,34.06082956,-118.2494799,520007
100429_DEC16,34.0606759,-118.2493705,520008
100429_DEC16,34.06061828,-118.2493274,520009
100429_DEC16,34.06039891,-118.2491088,520010
100429_DEC16,34.06005074,-118.2487149,520011
100429_DEC16,34.06005074,-118.2487149,530001
100429_DEC16,34.0599493,-118.2486024,530002
100429_DEC16,34.05983694,-118.2484534,530003
100429_DEC16,34.05976843,-118.2483641,530004
100429_DEC16,34.05972731,-118.2483178,530005
100429_DEC16,34.05922568,-118.2477154,530006
100429_DEC16,34.0590338,-118.247487,530007
100429_DEC16,34.0589872,-118.2474307,530008
100429_DEC16,34.0589406,-118.2473778,530009
100429_DEC16,34.05816208,-118.2464609,530010
100429_DEC16,34.05720538,-118.245329,530011
100429_DEC16,34.05720538,-118.245329,540001
100429_DEC16,34.05663519,-118.2446505,540002
100429_DEC16,34.05649813,-118.2444884,540003
100429_DEC16,34.05641548,-118.2445938,540004
100429_DEC16,34.05629982,-118.2447189,540005
100429_DEC16,34.05629982,-118.2447189,550001
100429_DEC16,34.05626401,-118.2447584,550002
100429_DEC16,34.05596938,-118.245058,550003
100429_DEC16,34.05563898,-118.2453806,550004
100429_DEC16,34.05434778,-118.2465851,550005
100429_DEC16,34.05375036,-118.2471412,550006
100429_DEC16,34.05375036,-118.2471412,560001
100429_DEC16,34.0532135,-118.2476382,560002
100429_DEC16,34.05308961,-118.2477566,560003
100429_DEC16,34.05165242,-118.2491191,560004
100429_DEC16,34.05143491,-118.2493231,560005
100429_DEC16,34.05143491,-118.2493231,570001
100429_DEC16,34.05037768,-118.2503137,570002
100429_DEC16,34.05037768,-118.2503137,580001
100429_DEC16,34.05024828,-118.2504354,580002
100429_DEC16,34.04876169,-118.2517514,580003
100429_DEC16,34.04854967,-118.2519621,580004
100429_DEC16,34.04854967,-118.2519621,590001
100429_DEC16,34.04738491,-118.2531139,590002
100429_DEC16,34.04716741,-118.2533147,590003
100429_DEC16,34.04716741,-118.2533147,600001
100429_DEC16,34.04592019,-118.2544728,600002
100429_DEC16,34.04569994,-118.2546735,600003
100429_DEC16,34.04569994,-118.2546735,610001
100429_DEC16,34.04469503,-118.2555882,610002
100429_DEC16,34.04448027,-118.2557889,610003
100429_DEC16,34.04426277,-118.2559896,610004
100429_DEC16,34.04426277,-118.2559896,620001
100429_DEC16,34.04380298,-118.2564107,620002
100429_DEC16,34.04301828,-118.2571411,620003
100429_DEC16,34.04278273,-118.2567806,620004
100429_DEC16,34.04243761,-118.2562579,620005
100429_DEC16,34.04243761,-118.2562579,630001
100429_DEC16,34.04231709,-118.256076,630002
100429_DEC16,34.04189254,-118.2554311,630003
100429_DEC16,34.04160496,-118.2549846,630004
100429_DEC16,34.04159399,-118.2549746,630005
100429_DEC16,34.04121625,-118.2555775,630006
100429_DEC16,34.04046645,-118.2567008,630007
100429_DEC16,34.04016596,-118.2571587,630008
100429_DEC16,34.04010258,-118.2572443,630009
100429_DEC16,34.04001442,-118.2573497,630010
100429_DEC16,34.03983544,-118.2575241,630011
100429_DEC16,34.03979964,-118.257557,630012
100429_DEC16,34.03966751,-118.2576688,630013
100429_DEC16,34.0390812,-118.2581423,630014
100429_DEC16,34.03885273,-118.2583265,630015
100429_DEC16,34.03885273,-118.2583265,640001
100429_DEC16,34.03771038,-118.2592537,640002
100429_DEC16,34.03771038,-118.2592537,650001
100429_DEC16,34.03759477,-118.2593458,650002
100429_DEC16,34.03691761,-118.2598982,650003
100429_DEC16,34.03671942,-118.260056,650004
100429_DEC16,34.03671942,-118.260056,660001
100429_DEC16,34.03660657,-118.2601448,660002
100429_DEC16,34.03637534,-118.2603355,660003
100429_DEC16,34.03571746,-118.2608649,660004
100429_DEC16,34.03531556,-118.2611904,660005
100429_DEC16,34.03497698,-118.2614633,660006
100429_DEC16,34.03430257,-118.2620091,660007
100429_DEC16,34.03373001,-118.2624727,660008
100429_DEC16,34.03373001,-118.2624727,670001
100429_DEC16,34.03361715,-118.2625647,670002
100429_DEC16,34.03289319,-118.2631466,670003
100429_DEC16,34.03262618,-118.2633603,670004
100429_DEC16,34.03245826,-118.2634984,670005
100429_DEC16,34.03240321,-118.2635412,670006
100429_DEC16,34.03221328,-118.2636924,670007
100429_DEC16,34.03215822,-118.2637384,670008
100429_DEC16,34.03191324,-118.2639324,670009
100429_DEC16,34.03133788,-118.2644124,670010
100429_DEC16,34.03120025,-118.2645209,670011
100429_DEC16,34.03105989,-118.2646228,670012
100429_DEC16,34.03089475,-118.2647444,670013
100429_DEC16,34.03089475,-118.2647444,680001
100429_DEC16,34.03053144,-118.2650106,680002
100429_DEC16,34.03010213,-118.2653062,680003
100429_DEC16,34.02894089,-118.2660484,680004
100429_DEC16,34.02833275,-118.2664426,680005
100429_DEC16,34.02758151,-118.2669253,680006
100429_DEC16,34.02733382,-118.2670994,680007
100429_DEC16,34.02723809,-118.2668978,680008
100429_DEC16,34.02723809,-118.2668978,690001
100429_DEC16,34.02679775,-118.2659624,690002
100429_DEC16,34.02631363,-118.2649378,690003
100429_DEC16,34.02590335,-118.2640685,690004
100429_DEC16,34.02590335,-118.2640685,700001
100429_DEC16,34.02583497,-118.2639231,700002
100429_DEC16,34.02514431,-118.2643566,700003
100429_DEC16,34.02443989,-118.2647999,700004
100429_DEC16,34.02432982,-118.2648688,700005
100429_DEC16,34.02341902,-118.2654402,700006
100429_DEC16,34.02323741,-118.2655551,700007
100429_DEC16,34.02323741,-118.2655551,710001
100429_DEC16,34.0225715,-118.2659754,710002
100429_DEC16,34.02195236,-118.2663694,710003
100429_DEC16,34.02195236,-118.2663694,720001
100429_DEC16,34.02183129,-118.266445,720002
100429_DEC16,34.02103053,-118.2669572,720003
100429_DEC16,34.02044441,-118.2673316,720004
100429_DEC16,34.02044441,-118.2673316,730001
100429_DEC16,34.02032332,-118.2674104,730002
100429_DEC16,34.01961062,-118.2678668,730003
100429_DEC16,34.01884012,-118.2683593,730004
100429_DEC16,34.01861173,-118.2685038,730005
100429_DEC16,34.01807234,-118.2688651,730006
100429_DEC16,34.01732113,-118.2693312,730007
100429_DEC16,34.01732113,-118.2693312,740001
100429_DEC16,34.01719731,-118.2694067,740002
100429_DEC16,34.01639377,-118.2699288,740003
100429_DEC16,34.01564799,-118.2704247,740004
100429_DEC16,34.01497105,-118.2708548,740005
100429_DEC16,34.01497105,-118.2708548,750001
100429_DEC16,34.01487473,-118.2709172,750002
100429_DEC16,34.01388405,-118.271564,750003
100429_DEC16,34.01331168,-118.2719251,750004
100429_DEC16,34.01331168,-118.2719251,760001
100429_DEC16,34.0131906,-118.2720006,760002
100429_DEC16,34.01225499,-118.2725916,760003
100429_DEC16,34.01197705,-118.2727721,760004
100429_DEC16,34.01193852,-118.2728017,760005
100429_DEC16,34.01186981,-118.2728048,760006
100429_DEC16,34.01174614,-118.2728143,760007
100429_DEC16,34.01128174,-118.2728161,760008
100429_DEC16,34.01128174,-118.2728161,770001
100429_DEC16,34.01114435,-118.2728156,770002
100429_DEC16,34.01113891,-118.2740035,770003
100429_DEC16,34.01086413,-118.2740026,770004
100429_DEC16,34.01086413,-118.2740026,780001
100429_DEC16,34.01008649,-118.274,780002
100429_DEC16,34.00913024,-118.2739969,780003
100429_DEC16,34.00838008,-118.2739945,780004
100429_DEC16,34.00838008,-118.2739945,790001
100429_DEC16,34.00821795,-118.2739939,790002
100429_DEC16,34.00817399,-118.2739938,790003
100429_DEC16,34.00737162,-118.2739912,790004
100429_DEC16,34.00656101,-118.2739852,790005
100429_DEC16,34.00582184,-118.2739828,790006
100429_DEC16,34.00582184,-118.2739828,800001
100429_DEC16,34.00568445,-118.2739823,800002
100429_DEC16,34.00564873,-118.2739822,800003
100429_DEC16,34.00474194,-118.2739792,800004
100429_DEC16,34.00397804,-118.2739767,800005
100429_DEC16,34.00397804,-118.2739767,810001
100429_DEC16,34.00384065,-118.2739763,810002
100429_DEC16,34.00290913,-118.2739733,810003
100429_DEC16,34.00208752,-118.2739706,810004
100429_DEC16,34.00202158,-118.2739703,810005
100429_DEC16,34.00174679,-118.2739694,810006
100429_DEC16,34.00174679,-118.2739694,820001
100429_DEC16,34.00106533,-118.2739672,820002
100429_DEC16,34.00030417,-118.273968,820003
100429_DEC16,34.00030417,-118.273968,830001
100429_DEC16,34.00016677,-118.2739676,830002
100429_DEC16,34.00009808,-118.2739674,830003
100429_DEC16,33.999249,-118.2739613,830004
100429_DEC16,33.99918855,-118.2739611,830005
100429_DEC16,33.99848235,-118.2739588,830006
100429_DEC16,33.99848235,-118.2739588,840001
100429_DEC16,33.99834496,-118.2739583,840002
100429_DEC16,33.99744092,-118.2739554,840003
100429_DEC16,33.99666054,-118.2739528,840004
100429_DEC16,33.99666054,-118.2739528,850001
100429_DEC16,33.99652314,-118.2739524,850002
100429_DEC16,33.99558064,-118.273946,850003
100429_DEC16,33.99523991,-118.2739449,850004
100429_DEC16,33.99470133,-118.2739431,850005
100429_DEC16,33.99438533,-118.2739421,850006
100429_DEC16,33.99438533,-118.2739421,860001
100429_DEC16,33.99424794,-118.2739416,860002
100429_DEC16,33.99348129,-118.2739391,860003
100429_DEC16,33.99348129,-118.2739391,870001
100429_DEC16,33.9933439,-118.2739387,870002
100429_DEC16,33.99243436,-118.273939,870003
100429_DEC16,33.99215957,-118.2739381,870004
100429_DEC16,33.99215957,-118.2739381,880001
100429_DEC16,33.99154956,-118.2739328,880002
100429_DEC16,33.99151384,-118.2739327,880003
100429_DEC16,33.99070598,-118.2739267,880004
100429_DEC16,33.99060431,-118.2739264,880005
100429_DEC16,33.98982666,-118.2739271,880006
100429_DEC16,33.98976897,-118.2739237,880007
100429_DEC16,33.9893403,-118.2739223,880008
100429_DEC16,33.9892139,-118.2739218,880009
100429_DEC16,33.98893912,-118.2739209,880010
100429_DEC16,33.98893912,-118.2739209,890001
100429_DEC16,33.9877493,-118.2739203,890002
100429_DEC16,33.98695242,-118.2739177,890003
100429_DEC16,33.98619126,-118.2739185,890004
100429_DEC16,33.98619126,-118.2739185,900001
100429_DEC16,33.98605387,-118.2739181,900002
100429_DEC16,33.98514433,-118.2739184,900003
100429_DEC16,33.98438592,-118.2739192,900004
100429_DEC16,33.98438592,-118.2739192,910001
100429_DEC16,33.98424852,-118.2739188,910002
100429_DEC16,33.98333623,-118.2739191,910003
100429_DEC16,33.98242944,-118.2739194,910004
100429_DEC16,33.98243056,-118.2734247,910005
100429_DEC16,33.98243056,-118.2734247,920001
100429_DEC16,33.98243707,-118.2717589,920002
100429_DEC16,33.98244442,-118.2697072,920003
100429_DEC16,33.98244442,-118.2697072,930001
100429_DEC16,33.98244479,-118.2695423,930002
100429_DEC16,33.98152976,-118.2695427,930003
100429_DEC16,33.9807631,-118.2695435,930004
100429_DEC16,33.9807631,-118.2695435,940001
100429_DEC16,33.98062571,-118.2695431,940002
100429_DEC16,33.97972442,-118.2695402,940003
100429_DEC16,33.97894678,-118.2695377,940004
100429_DEC16,33.97894678,-118.2695377,950001
100429_DEC16,33.97880939,-118.2695372,950002
100429_DEC16,33.97789985,-118.2695376,950003
100429_DEC16,33.97713045,-118.2695351,950004
100429_DEC16,33.97713045,-118.2695351,960001
100429_DEC16,33.97699306,-118.2695347,960002
100429_DEC16,33.97616595,-118.2695353,960003
100429_DEC16,33.97544877,-118.269533,960004
100429_DEC16,33.97486072,-118.2695344,960005
100429_DEC16,33.97486072,-118.2695344,970001
100429_DEC16,33.97472333,-118.269534,970002
100429_DEC16,33.97384401,-118.2695344,970003
100429_DEC16,33.97298944,-118.2695317,970004
100429_DEC16,33.97216783,-118.269529,970005
100429_DEC16,33.97146164,-118.2695268,970006
100429_DEC16,33.97146164,-118.2695268,980001
100429_DEC16,33.97132425,-118.2695263,980002
100429_DEC16,33.97048616,-118.2695236,980003
100429_DEC16,33.96978271,-118.2695214,980004
100429_DEC16,33.96978271,-118.2695214,990001
100429_DEC16,33.96964532,-118.2695209,990002
100429_DEC16,33.96880173,-118.2695182,990003
100429_DEC16,33.9680241,-118.2695157,990004
100429_DEC16,33.9680241,-118.2695157,1000001
100429_DEC16,33.9678867,-118.2695152,1000002
100429_DEC16,33.96766413,-118.2695145,1000003
100429_DEC16,33.96738657,-118.2695235,1000004
100429_DEC16,33.9670431,-118.2695191,1000005
100429_DEC16,33.96647706,-118.269514,1000006
100429_DEC16,33.96623801,-118.2695066,1000007
100429_DEC16,33.96556203,-118.2695078,1000008
100429_DEC16,33.96548509,-118.2695075,1000009
100429_DEC16,33.96548509,-118.2695075,1010001
100429_DEC16,33.96539991,-118.2695072,1010002
100429_DEC16,33.964647,-118.2695048,1010003
100429_DEC16,33.96456457,-118.2695046,1010004
100429_DEC16,33.96388311,-118.2694991,1010005
100429_DEC16,33.96388311,-118.2694991,1020001
100429_DEC16,33.96374572,-118.2694986,1020002
100429_DEC16,33.96284444,-118.2694924,1020003
100429_DEC16,33.96193491,-118.2694895,1020004
100429_DEC16,33.9610281,-118.2694932,1020005
100429_DEC16,33.9601213,-118.2694969,1020006
100429_DEC16,33.95984651,-118.2694993,1020007
100429_DEC16,33.95984651,-118.2694993,1030001
100429_DEC16,33.95909085,-118.2695001,1030002
100429_DEC16,33.95807415,-118.2695002,1030003
100429_DEC16,33.95721407,-118.2695007,1030004
100429_DEC16,33.95649138,-118.2695017,1030005
100429_DEC16,33.95621659,-118.2695041,1030006
100429_DEC16,33.95621659,-118.2695041,1040001
100429_DEC16,33.95558458,-118.2695053,1040002
100429_DEC16,33.95469427,-118.2695091,1040003
100429_DEC16,33.95379022,-118.2695095,1040004
100429_DEC16,33.95301807,-118.2695103,1040005
100429_DEC16,33.95301807,-118.2695103,1050001
100429_DEC16,33.95288068,-118.2695098,1050002
100429_DEC16,33.95200137,-118.2695103,1050003
100429_DEC16,33.95194916,-118.2695101,1050004
100429_DEC16,33.95110831,-118.2695107,1050005
100429_DEC16,33.95020152,-118.2695111,1050006
100429_DEC16,33.94922329,-118.2695113,1050007
100429_DEC16,33.9489485,-118.2695104,1050008
100429_DEC16,33.9489485,-118.2695104,1060001
100429_DEC16,33.94831925,-118.2695083,1060002
100429_DEC16,33.94743443,-118.2695121,1060003
100429_DEC16,33.94726956,-118.2695116,1060004
100429_DEC16,33.94650566,-118.2695124,1060005
100429_DEC16,33.9457335,-118.2695165,1060006
100429_DEC16,33.9457335,-118.2695165,1070001
100429_DEC16,33.94559611,-118.2695161,1070002
100429_DEC16,33.94468657,-118.2695164,1070003
100429_DEC16,33.94377153,-118.2695201,1070004
100429_DEC16,33.94286749,-118.2695172,1070005
100429_DEC16,33.94207886,-118.2695179,1070006
100429_DEC16,33.94207886,-118.2695179,1080001
100429_DEC16,33.94194146,-118.2695175,1080002
100429_DEC16,33.94105392,-118.2695146,1080003
100429_DEC16,33.94016911,-118.2695118,1080004
100429_DEC16,33.93931178,-118.2695123,1080005
100429_DEC16,33.93886114,-118.2695109,1080006
100429_DEC16,33.93870727,-118.2695071,1080007
100429_DEC16,33.93830334,-118.2695058,1080008
100429_DEC16,33.93802855,-118.2695082,1080009
100429_DEC16,33.93802855,-118.2695082,1090001
100429_DEC16,33.93741577,-118.2695095,1090002
100429_DEC16,33.93654745,-118.26951,1090003
100429_DEC16,33.93627266,-118.2695125,1090004
100429_DEC16,33.93627266,-118.2695125,1100001
100429_DEC16,33.93589895,-118.2695145,1100002
100429_DEC16,33.93567363,-118.2695105,1100003
100429_DEC16,33.93481355,-118.2695144,1100004
100429_DEC16,33.93407712,-118.2695186,1100005
100429_DEC16,33.93407712,-118.2695186,1110001
100429_DEC16,33.93393972,-118.2695181,1110002
100429_DEC16,33.93298897,-118.2695184,1110003
100429_DEC16,33.93202172,-118.2695186,1110004
100429_DEC16,33.93179365,-118.2695178,1110005
100429_DEC16,33.93179365,-118.2695178,1120001
100429_DEC16,33.93120561,-118.2695192,1120002
100429_DEC16,33.931016,-118.2695219,1120003
100429_DEC16,33.9309006,-118.2695215,1120004
100429_DEC16,33.93078519,-118.2695212,1120005
100429_DEC16,33.9301037,-118.2695289,1120006
100429_DEC16,33.92919142,-118.2695259,1120007
100429_DEC16,33.92840553,-118.26953,1120008
100429_DEC16,33.92840553,-118.26953,1130001
100429_DEC16,33.92829012,-118.2695296,1130002
100429_DEC16,33.92774879,-118.2695312,1130003
100429_DEC16,33.92762789,-118.2695308,1130004
100429_DEC16,33.92751247,-118.2695337,1130005
100429_DEC16,33.92661666,-118.2695407,1130006
100429_DEC16,33.92661666,-118.2695407,1140001
100429_DEC16,33.92647927,-118.2695403,1140002
100429_DEC16,33.92558072,-118.2695407,1140003
100429_DEC16,33.92467942,-118.2695444,1140004
100429_DEC16,33.92372865,-118.2695512,1140005
100429_DEC16,33.92372938,-118.2692216,1140006
100429_DEC16,33.92372938,-118.2692216,1150001
100429_DEC16,33.92373055,-118.2686975,1150002
100429_DEC16,33.92372182,-118.2651969,1150003
100429_DEC16,33.92399661,-118.2651944,1150004
100429_DEC16,33.92399661,-118.2651944,1160001
100429_DEC16,33.92467258,-118.2651933,1160002
100429_DEC16,33.92557389,-118.2651862,1160003
100429_DEC16,33.92648069,-118.2651792,1160004
100429_DEC16,33.92746718,-118.2651758,1160005
100429_DEC16,33.92759633,-118.2651762,1160006
100429_DEC16,33.92773372,-118.2651733,1160007
